"ID","time","Lmean","Rmean","meanDiff"
4,-11,102.854450883813,102.583023431326,0.271427452487643
4,-10.96,102.854450883813,102.583023431326,0.271427452487643
4,-10.92,102.854450883813,102.583023431326,0.271427452487643
4,-10.88,102.854450883813,102.583023431326,0.271427452487643
4,-10.84,102.854450883813,102.583023431326,0.271427452487643
4,-10.8,101.967427209271,101.88386534735,0.0835618619204865
4,-10.76,101.967427209271,101.88386534735,0.0835618619204865
4,-10.72,102.90594787089,102.565250892748,0.34069697814212
4,-10.68,102.90594787089,102.565250892748,0.34069697814212
4,-10.64,103.702505024025,103.336881284052,0.365623739972705
4,-10.6,103.702505024025,103.336881284052,0.365623739972705
4,-10.56,103.833838588197,103.572276720359,0.261561867838111
4,-10.52,103.833838588197,103.572276720359,0.261561867838111
4,-10.48,104.922963891085,104.689288031506,0.233675859579066
4,-10.44,104.922963891085,104.689288031506,0.233675859579066
4,-10.4,105.182443563156,104.954578217903,0.227865345253051
4,-10.36,105.182443563156,104.954578217903,0.227865345253051
4,-10.32,105.16305968273,104.790593118751,0.372466563978861
4,-10.28,105.16305968273,104.790593118751,0.372466563978861
4,-10.24,105.105655274042,104.612121294565,0.493533979476609
4,-10.2,105.105655274042,104.612121294565,0.493533979476609
4,-10.16,105.105655274042,104.612121294565,0.493533979476609
4,-10.12,105.105655274042,104.612121294565,0.493533979476609
4,-10.08,105.02105887359,104.595743072988,0.425315800602689
4,-10.04,105.02105887359,104.595743072988,0.425315800602689
4,-10,104.794671735349,104.585866341394,0.208805393954194
4,-9.96,104.794671735349,104.585866341394,0.208805393954194
4,-9.92,104.436649075253,104.389722222465,0.0469268527878768
4,-9.88,104.436649075253,104.389722222465,0.0469268527878768
4,-9.84,104.401820284754,104.429229148838,-0.0274088640840517
4,-9.8,104.401820284754,104.429229148838,-0.0274088640840517
4,-9.76,104.225594176307,104.266048365992,-0.0404541896856898
4,-9.72,104.225594176307,104.266048365992,-0.0404541896856898
4,-9.68,104.011853206044,104.032534211894,-0.0206810058501077
4,-9.64,104.011853206044,104.032534211894,-0.0206810058501077
4,-9.6,104.421848642023,104.110443833779,0.311404808244589
4,-9.56,104.421848642023,104.110443833779,0.311404808244589
4,-9.52,104.030366207643,103.894875235476,0.135490972166878
4,-9.48,104.030366207643,103.894875235476,0.135490972166878
4,-9.44,104.369690820958,104.211221138567,0.158469682390603
4,-9.4,104.369690820958,104.211221138567,0.158469682390603
4,-9.36,104.093277857854,104.048040355721,0.0452375021322808
4,-9.32,104.093277857854,104.048040355721,0.0452375021322808
4,-9.28,103.754941035866,103.631045854489,0.123895181376938
4,-9.24,103.754941035866,103.631045854489,0.123895181376938
4,-9.2,103.95106029665,103.831872730219,0.119187566431123
4,-9.16,103.95106029665,103.831872730219,0.119187566431123
4,-9.12,103.923487504172,103.76250044879,0.160987055382066
4,-9.08,103.923487504172,103.76250044879,0.160987055382066
4,-9.04,103.923487504172,103.76250044879,0.160987055382066
4,-9,103.923487504172,103.76250044879,0.160987055382066
4,-8.96,103.949609097046,103.708178425027,0.241430672019263
4,-8.92,103.949609097046,103.708178425027,0.241430672019263
4,-8.88,103.66028061653,103.248070204134,0.412210412396078
4,-8.84,103.66028061653,103.248070204134,0.412210412396078
4,-8.8,103.143860871695,102.7156673392,0.428193532494547
4,-8.76,103.143860871695,102.7156673392,0.428193532494547
4,-8.72,103.014010054944,102.559357326159,0.454652728785547
4,-8.68,103.014010054944,102.559357326159,0.454652728785547
4,-8.64,103.236133730995,102.708688311469,0.527445419526259
4,-8.6,103.236133730995,102.708688311469,0.527445419526259
4,-8.56,102.889504339841,102.378052963369,0.51145137647157
4,-8.52,102.889504339841,102.378052963369,0.51145137647157
4,-8.48,102.582057337998,102.157237464176,0.424819873821534
4,-8.44,102.582057337998,102.157237464176,0.424819873821534
4,-8.4,102.372877280776,101.882335101496,0.490542179280041
4,-8.36,102.372877280776,101.882335101496,0.490542179280041
4,-8.32,102.25590698722,101.833769392316,0.422137594903873
4,-8.28,102.25590698722,101.833769392316,0.422137594903873
4,-8.24,102.56169547523,102.20203038458,0.359665090649287
4,-8.2,102.56169547523,102.20203038458,0.359665090649287
4,-8.16,102.340283878488,101.985682930632,0.354600947855715
4,-8.12,102.340283878488,101.985682930632,0.354600947855715
4,-8.08,102.452287644206,102.260472825354,0.191814818852478
4,-8.04,102.452287644206,102.260472825354,0.191814818852478
4,-8,101.773451781749,101.730411940253,0.0430398414953856
4,-7.96,101.773451781749,101.730411940253,0.0430398414953856
4,-7.92,101.638156713067,101.748478384068,-0.110321671001358
4,-7.88,101.638156713067,101.748478384068,-0.110321671001358
4,-7.84,101.164795232262,101.309055847405,-0.144260615143409
4,-7.8,101.164795232262,101.309055847405,-0.144260615143409
4,-7.76,101.221442853877,101.080883307855,0.140559546021905
4,-7.72,101.221442853877,101.080883307855,0.140559546021905
4,-7.68,101.225796452689,100.927793968159,0.298002484530343
4,-7.64,101.225796452689,100.927793968159,0.298002484530343
4,-7.6,101.225796452689,100.927793968159,0.298002484530343
4,-7.56,101.225796452689,100.927793968159,0.298002484530343
4,-7.52,101.111566312422,100.892049606202,0.219516706220347
4,-7.48,101.111566312422,100.892049606202,0.219516706220347
4,-7.44,100.755806081523,100.47504909064,0.280756990882807
4,-7.4,100.755806081523,100.47504909064,0.280756990882807
4,-7.36,100.517528862491,100.304516391646,0.213012470845626
4,-7.32,100.517528862491,100.304516391646,0.213012470845626
4,-7.28,100.237861967356,99.933668636345,0.304193331010623
4,-7.24,100.237861967356,99.933668636345,0.304193331010623
4,-7.2,99.7401816261037,99.2780315624111,0.462150063692633
4,-7.16,99.7401816261037,99.2780315624111,0.462150063692633
4,-7.12,99.6862348582116,99.2494749254131,0.43675993279858
4,-7.08,99.6862348582116,99.2494749254131,0.43675993279858
4,-7.04,99.5339850910496,99.0303464455916,0.503638645457983
4,-7,99.5339850910496,99.0303464455916,0.503638645457983
4,-6.96,99.5609232156702,99.0300000202233,0.530923195446874
4,-6.92,99.5609232156702,99.0300000202233,0.530923195446874
4,-6.88,99.5609232156702,99.0300000202233,0.530923195446874
4,-6.84,99.5609232156702,99.0300000202233,0.530923195446874
4,-6.8,99.2896069376851,98.5946336915908,0.694973246094222
4,-6.76,99.2896069376851,98.5946336915908,0.694973246094222
4,-6.72,99.3146919594133,98.5262020512659,0.788489908147454
4,-6.68,99.3146919594133,98.5262020512659,0.788489908147454
4,-6.64,99.3642400601824,98.5875788833099,0.776661176872452
4,-6.6,99.3642400601824,98.5875788833099,0.776661176872452
4,-6.56,98.7491098985483,97.8125711814676,0.936538717080737
4,-6.52,98.7491098985483,97.8125711814676,0.936538717080737
4,-6.48,98.2961283078356,97.2764057521172,1.01972255571837
4,-6.44,98.2961283078356,97.2764057521172,1.01972255571837
4,-6.4,98.3118841892517,97.2719377068726,1.03994648237905
4,-6.36,98.3118841892517,97.2719377068726,1.03994648237905
4,-6.32,98.4976414500862,97.4058040472273,1.09183740285893
4,-6.28,98.4976414500862,97.4058040472273,1.09183740285893
4,-6.24,98.2422934153971,97.2237797692196,1.01851364617754
4,-6.2,98.2422934153971,97.2237797692196,1.01851364617754
4,-6.16,98.4239006801405,97.1703983865606,1.25350229357996
4,-6.12,98.4239006801405,97.1703983865606,1.25350229357996
4,-6.08,98.3255976808705,97.2331452828215,1.09245239804903
4,-6.04,98.3255976808705,97.2331452828215,1.09245239804903
4,-6,98.4474984476161,97.267713843398,1.17978460421809
4,-5.96,98.4474984476161,97.267713843398,1.17978460421809
4,-5.92,98.4474984476161,97.267713843398,1.17978460421809
4,-5.88,98.4474984476161,97.267713843398,1.17978460421809
4,-5.84,98.2830153382012,97.2758692017708,1.00714613643046
4,-5.8,98.2830153382012,97.2758692017708,1.00714613643046
4,-5.76,98.1826031419911,97.219809036837,0.962794105154117
4,-5.72,98.1826031419911,97.219809036837,0.962794105154117
4,-5.68,97.8005230176508,96.9204500054497,0.880073012201109
4,-5.64,97.8005230176508,96.9204500054497,0.880073012201109
4,-5.6,98.1329126253603,97.2940800135466,0.838832611813686
4,-5.56,98.1329126253603,97.2940800135466,0.838832611813686
4,-5.52,98.1329126253603,97.2940800135466,0.838832611813686
4,-5.48,98.1329126253603,97.2940800135466,0.838832611813686
4,-5.44,97.2018230654038,96.5861796207725,0.615643444631345
4,-5.4,97.2018230654038,96.5861796207725,0.615643444631345
4,-5.36,97.4571505489433,96.7624537188133,0.694696830129999
4,-5.32,97.4571505489433,96.7624537188133,0.694696830129999
4,-5.28,97.8116578808054,97.308966200309,0.502691680496412
4,-5.24,97.8116578808054,97.308966200309,0.502691680496412
4,-5.2,97.8116578808054,97.308966200309,0.502691680496412
4,-5.16,97.8116578808054,97.308966200309,0.502691680496412
4,-5.12,97.7914264510304,97.3316245845524,0.45980186647796
4,-5.08,97.7914264510304,97.3316245845524,0.45980186647796
4,-5.04,97.8488524925075,97.4696636665826,0.379188825924928
4,-5,97.8488524925075,97.4696636665826,0.379188825924928
4,-4.96,97.8488524925075,97.4696636665826,0.379188825924928
4,-4.92,97.8488524925075,97.4696636665826,0.379188825924928
4,-4.88,97.5558067989346,97.3421184585049,0.213688340429641
4,-4.84,97.5558067989346,97.3421184585049,0.213688340429641
4,-4.8,97.7912669834407,97.7087194958796,0.0825474875611008
4,-4.76,97.7912669834407,97.7087194958796,0.0825474875611008
4,-4.72,97.4052478887464,97.4717188350798,-0.0664709463334248
4,-4.68,97.4052478887464,97.4717188350798,-0.0664709463334248
4,-4.64,97.5591828501817,97.6223813207273,-0.0631984705456432
4,-4.6,97.5591828501817,97.6223813207273,-0.0631984705456432
4,-4.56,97.9333219381789,97.6523693681011,0.280952570077801
4,-4.52,97.9333219381789,97.6523693681011,0.280952570077801
4,-4.48,97.9973019724607,97.5682060465993,0.429095925861404
4,-4.44,97.9973019724607,97.5682060465993,0.429095925861404
4,-4.4,97.9423481982347,97.570653758342,0.371694439892664
4,-4.36,97.9423481982347,97.570653758342,0.371694439892664
4,-4.32,97.9423481982347,97.570653758342,0.371694439892664
4,-4.28,97.9423481982347,97.570653758342,0.371694439892664
4,-4.24,97.8849221567576,97.7091631609242,0.175758995833405
4,-4.2,97.8849221567576,97.7091631609242,0.175758995833405
4,-4.16,97.8849221567576,97.7091631609242,0.175758995833405
4,-4.12,97.8849221567576,97.7091631609242,0.175758995833405
4,-4.08,98.209260761446,97.7945058924037,0.41475486904227
4,-4.04,98.209260761446,97.7945058924037,0.41475486904227
4,-4,98.1023947831455,97.7877066931185,0.314688090027033
4,-3.96,98.1023947831455,97.7877066931185,0.314688090027033
4,-3.92,97.9988786422418,97.632933605846,0.365945036395757
4,-3.88,97.9988786422418,97.632933605846,0.365945036395757
4,-3.84,99.0475072896485,98.6859470642925,0.361560225356001
4,-3.8,99.0475072896485,98.6859470642925,0.361560225356001
4,-3.76,99.5731480108505,99.1750395409974,0.398108469853057
4,-3.72,99.5731480108505,99.1750395409974,0.398108469853057
4,-3.68,98.642242584105,98.1634818681365,0.478760715968491
4,-3.64,98.642242584105,98.1634818681365,0.478760715968491
4,-3.6,98.6869413346441,98.1360908081588,0.55085052648532
4,-3.56,98.6869413346441,98.1360908081588,0.55085052648532
4,-3.52,98.9474812387244,98.358910281878,0.588570956846382
4,-3.48,98.9474812387244,98.358910281878,0.588570956846382
4,-3.44,98.9474812387244,98.358910281878,0.588570956846382
4,-3.4,98.9474812387244,98.358910281878,0.588570956846382
4,-3.36,98.764630088606,98.3095266239115,0.455103464694503
4,-3.32,98.764630088606,98.3095266239115,0.455103464694503
4,-3.28,98.764630088606,98.3095266239115,0.455103464694503
4,-3.24,98.764630088606,98.3095266239115,0.455103464694503
4,-3.2,98.8676573284754,98.5276535254443,0.340003803031138
4,-3.16,98.8676573284754,98.5276535254443,0.340003803031138
4,-3.12,99.4944511689152,99.2269731543049,0.267478014610319
4,-3.08,99.4944511689152,99.2269731543049,0.267478014610319
4,-3.04,99.2170647303002,99.1547789495634,0.0622857807368433
4,-3,99.2170647303002,99.1547789495634,0.0622857807368433
4,-2.96,99.1187685814135,99.266495621705,-0.147727040291514
4,-2.92,99.1187685814135,99.266495621705,-0.147727040291514
4,-2.88,98.667992814099,99.085543674556,-0.41755086045697
4,-2.84,98.667992814099,99.085543674556,-0.41755086045697
4,-2.8,98.912903028033,99.4120279325654,-0.499124904532394
4,-2.76,98.912903028033,99.4120279325654,-0.499124904532394
4,-2.72,98.912903028033,99.5505373351476,-0.637634307114581
4,-2.68,98.912903028033,99.5505373351476,-0.637634307114581
4,-2.64,98.9178154738979,99.5674382019424,-0.649622728044449
4,-2.6,98.9178154738979,99.5674382019424,-0.649622728044449
4,-2.56,98.9178154738979,99.5674382019424,-0.649622728044449
4,-2.52,98.9178154738979,99.5674382019424,-0.649622728044449
4,-2.48,99.4081136258593,100.074914077617,-0.666800451757695
4,-2.44,99.4081136258593,100.074914077617,-0.666800451757695
4,-2.4,99.3117125093003,100.099135586048,-0.787423076747885
4,-2.36,99.3117125093003,100.099135586048,-0.787423076747885
4,-2.32,99.4398417165828,100.322854803432,-0.88301308684936
4,-2.28,99.4398417165828,100.322854803432,-0.88301308684936
4,-2.24,99.2674723738907,100.099809984822,-0.832337610931674
4,-2.2,99.2674723738907,100.099809984822,-0.832337610931674
4,-2.16,99.4854858200069,100.155174893288,-0.669689073281035
4,-2.12,99.4854858200069,100.155174893288,-0.669689073281035
4,-2.08,100.194772335781,100.974149796235,-0.77937746045329
4,-2.04,100.194772335781,100.974149796235,-0.77937746045329
4,-2,100.278289924592,101.077044345418,-0.798754420825915
4,-1.96,100.278289924592,101.077044345418,-0.798754420825915
4,-1.92,100.156271980239,101.005167095831,-0.848895115592455
4,-1.88,100.156271980239,101.005167095831,-0.848895115592455
4,-1.84,99.8214595001465,100.956018598141,-1.13455909799403
4,-1.8,99.8214595001465,100.956018598141,-1.13455909799403
4,-1.76,99.8214595001465,100.956018598141,-1.13455909799403
4,-1.72,99.8214595001465,100.956018598141,-1.13455909799403
4,-1.68,99.7544970041281,100.866657693249,-1.1121606891207
4,-1.64,99.7544970041281,100.866657693249,-1.1121606891207
4,-1.6,99.4591986161138,100.335759854082,-0.876561237967707
4,-1.56,99.4591986161138,100.335759854082,-0.876561237967707
4,-1.52,99.4591986161138,100.335759854082,-0.876561237967707
4,-1.48,99.4591986161138,100.335759854082,-0.876561237967707
4,-1.44,99.2514607448342,100.134503555238,-0.883042810404206
4,-1.4,99.2514607448342,100.134503555238,-0.883042810404206
4,-1.36,99.2514607448342,100.134503555238,-0.883042810404206
4,-1.32,99.2514607448342,100.134503555238,-0.883042810404206
4,-1.28,99.3876301387432,100.498644130492,-1.11101399174908
4,-1.24,99.3876301387432,100.498644130492,-1.11101399174908
4,-1.2,99.7495106462337,100.928465993278,-1.17895534704387
4,-1.16,99.7495106462337,100.928465993278,-1.17895534704387
4,-1.12,99.5847041266214,100.833028546853,-1.24832442023187
4,-1.08,99.5847041266214,100.833028546853,-1.24832442023187
4,-1.04,99.782337682645,101.086347285938,-1.30400960329261
4,-1,99.782337682645,101.086347285938,-1.30400960329261
4,-0.959999999999999,99.643003171322,100.879506578082,-1.23650340675955
4,-0.92,99.643003171322,100.879506578082,-1.23650340675955
4,-0.879999999999999,99.3778482722274,100.690437716153,-1.31258944392529
4,-0.84,99.3778482722274,100.690437716153,-1.31258944392529
4,-0.799999999999999,99.1661714305938,100.677616368929,-1.51144493833532
4,-0.76,99.1661714305938,100.677616368929,-1.51144493833532
4,-0.720000000000001,99.1661714305938,100.677616368929,-1.51144493833532
4,-0.68,99.1661714305938,100.677616368929,-1.51144493833532
4,-0.640000000000001,99.2293662158388,100.591169406588,-1.36180319074941
4,-0.6,99.2293662158388,100.591169406588,-1.36180319074941
4,-0.56,99.5198134508908,100.844314331556,-1.32450088066476
4,-0.52,99.5198134508908,100.844314331556,-1.32450088066476
4,-0.48,99.4853992888504,100.900987958079,-1.41558866922863
4,-0.44,99.4853992888504,100.900987958079,-1.41558866922863
4,-0.4,99.6241195491442,101.153141120143,-1.52902157099879
4,-0.359999999999999,99.6241195491442,101.153141120143,-1.52902157099879
4,-0.32,99.4932682158963,100.960002963003,-1.46673474710664
4,-0.279999999999999,99.4932682158963,100.960002963003,-1.46673474710664
4,-0.24,99.8848945507416,101.393876438871,-1.50898188812972
4,-0.199999999999999,99.8848945507416,101.393876438871,-1.50898188812972
4,-0.16,99.9721605009977,101.496587903851,-1.52442740285368
4,-0.119999999999999,99.9721605009977,101.496587903851,-1.52442740285368
4,-0.0800000000000001,99.6885546355079,101.143612329529,-1.45505769402105
4,-0.0399999999999991,99.6885546355079,101.143612329529,-1.45505769402105
4,0,99.5537596448016,101.076218666214,-1.52245902141206
4,0.0400000000000009,99.5537596448016,101.076218666214,-1.52245902141206
4,0.0800000000000001,99.2612482811202,100.700320077158,-1.43907179603805
4,0.120000000000001,99.2612482811202,100.700320077158,-1.43907179603805
4,0.16,99.4673552097684,101.115792953075,-1.64843774330679
4,0.200000000000001,99.4673552097684,101.115792953075,-1.64843774330679
4,0.24,99.5193279856524,101.15164978299,-1.63232179733758
4,0.279999999999999,99.5193279856524,101.15164978299,-1.63232179733758
4,0.32,99.5193279856524,101.15164978299,-1.63232179733758
4,0.359999999999999,99.5193279856524,101.15164978299,-1.63232179733758
4,0.4,99.7363128138541,101.330275363504,-1.5939625496504
4,0.44,99.7363128138541,101.330275363504,-1.5939625496504
4,0.48,99.2966894704289,101.093663228378,-1.7969737579492
4,0.52,99.2966894704289,101.093663228378,-1.7969737579492
4,0.56,99.4266754921117,101.187492178514,-1.76081668640275
4,0.6,99.4266754921117,101.187492178514,-1.76081668640275
4,0.640000000000001,99.6063267921713,101.411477229254,-1.80515043708263
4,0.68,99.6063267921713,101.411477229254,-1.80515043708263
4,0.720000000000001,99.4667502339743,101.41108870358,-1.94433846960611
4,0.76,99.4667502339743,101.41108870358,-1.94433846960611
4,0.800000000000001,99.6582395476697,101.433322716748,-1.77508316907804
4,0.84,99.6582395476697,101.433322716748,-1.77508316907804
4,0.880000000000001,99.6048065585195,101.361833992834,-1.75702743431489
4,0.92,99.6048065585195,101.361833992834,-1.75702743431489
4,0.960000000000001,100.102568022731,101.734563030343,-1.6319950076127
4,1,100.102568022731,101.734563030343,-1.6319950076127
4,1.04,99.9809233500328,101.82839198048,-1.84746863044681
4,1.08,99.9809233500328,101.82839198048,-1.84746863044681
4,1.12,99.7510929928546,101.79575582391,-2.04466283105592
4,1.16,99.7510929928546,101.79575582391,-2.04466283105592
4,1.2,99.6041072043807,101.510506409085,-1.90639920470431
4,1.24,99.6041072043807,101.510506409085,-1.90639920470431
4,1.28,99.5190002064798,101.40018616798,-1.88118596150018
4,1.32,99.5190002064798,101.40018616798,-1.88118596150018
4,1.36,99.6411082874546,101.50741925385,-1.86631096639552
4,1.4,99.6411082874546,101.50741925385,-1.86631096639552
4,1.44,99.6411082874546,101.50741925385,-1.86631096639552
4,1.48,99.6411082874546,101.50741925385,-1.86631096639552
4,1.52,99.2620206989438,101.273087150965,-2.01106645202138
4,1.56,99.2620206989438,101.273087150965,-2.01106645202138
4,1.6,99.0186608348974,100.988686358005,-1.97002552310803
4,1.64,99.0186608348974,100.988686358005,-1.97002552310803
4,1.68,99.1255630799326,101.085442963363,-1.95987988343082
4,1.72,99.1255630799326,101.085442963363,-1.95987988343082
4,1.76,99.2813081449679,101.143408267345,-1.86210012237713
4,1.8,99.2813081449679,101.143408267345,-1.86210012237713
4,1.84,99.2813081449679,101.143408267345,-1.86210012237713
4,1.88,99.2813081449679,101.143408267345,-1.86210012237713
4,1.92,99.7822784728999,101.534509878031,-1.75223140513101
4,1.96,99.7822784728999,101.534509878031,-1.75223140513101
4,2,100.274866816137,102.064004526056,-1.78913770991834
4,2.04,100.274866816137,102.064004526056,-1.78913770991834
4,2.08,100.302439608615,101.996983847387,-1.69454423877137
4,2.12,100.302439608615,101.996983847387,-1.69454423877137
4,2.16,100.521651871796,102.240006656125,-1.71835478432909
4,2.2,100.521651871796,102.240006656125,-1.71835478432909
4,2.24,100.599055687991,102.451435110417,-1.85237942242597
4,2.28,100.599055687991,102.451435110417,-1.85237942242597
4,2.32,100.779392026373,102.654634037627,-1.87524201125426
4,2.36,100.779392026373,102.654634037627,-1.87524201125426
4,2.4,100.684856737877,102.547400951757,-1.86254421388075
4,2.44,100.684856737877,102.547400951757,-1.86254421388075
4,2.48,100.946965019169,102.952878613793,-2.00591359462483
4,2.52,100.946965019169,102.952878613793,-2.00591359462483
4,2.56,100.878632446505,102.867208702799,-1.98857625629407
4,2.6,100.878632446505,102.867208702799,-1.98857625629407
4,2.64,100.899363869421,102.933759060916,-2.03439519149489
4,2.68,100.899363869421,102.933759060916,-2.03439519149489
4,2.72,100.778706988051,102.715765485036,-1.9370584969849
4,2.76,100.778706988051,102.715765485036,-1.9370584969849
4,2.8,100.828077900252,102.78761397009,-1.95953606983764
4,2.84,100.828077900252,102.78761397009,-1.95953606983764
4,2.88,100.664224050498,102.635445905358,-1.97122185485988
4,2.92,100.664224050498,102.635445905358,-1.97122185485988
4,2.96,100.599775645123,102.527583407897,-1.9278077627739
4,3,100.599775645123,102.527583407897,-1.9278077627739
4,3.04,99.912123360664,101.853102838801,-1.9409794781368
4,3.08,99.912123360664,101.853102838801,-1.9409794781368
4,3.12,99.912123360664,101.853102838801,-1.9409794781368
4,3.16,99.912123360664,101.853102838801,-1.9409794781368
4,3.2,99.7234944531156,101.759958920773,-2.03646446765734
4,3.24,99.7234944531156,101.759958920773,-2.03646446765734
4,3.28,99.8696509846728,102.095062314117,-2.22541132944413
4,3.32,99.8696509846728,102.095062314117,-2.22541132944413
4,3.36,99.8298023054565,101.900550820965,-2.07074851550823
4,3.4,99.8298023054565,101.900550820965,-2.07074851550823
4,3.44,99.818945932649,101.760367149389,-1.94142121674015
4,3.48,99.818945932649,101.760367149389,-1.94142121674015
4,3.52,100.085840468536,102.029400729528,-1.94356026099224
4,3.56,100.085840468536,102.029400729528,-1.94356026099224
4,3.6,100.231969959107,102.133965257483,-1.90199529837658
4,3.64,100.231969959107,102.133965257483,-1.90199529837658
4,3.68,100.286779875285,102.278217069519,-1.9914371942339
4,3.72,100.286779875285,102.278217069519,-1.9914371942339
4,3.76,100.209401912394,102.439602863754,-2.23020095135972
4,3.8,100.209401912394,102.439602863754,-2.23020095135972
4,3.84,100.193474771397,102.593459030437,-2.39998425903957
4,3.88,100.193474771397,102.593459030437,-2.39998425903957
4,3.92,100.684180701434,102.982380591092,-2.29819988965792
4,3.96,100.684180701434,102.982380591092,-2.29819988965792
4,4,101.333696181389,103.70173587547,-2.36803969408075
4,4.04,101.333696181389,103.70173587547,-2.36803969408075
4,4.08,101.62843604048,104.146908110954,-2.51847207047356
4,4.12,101.62843604048,104.146908110954,-2.51847207047356
4,4.16,101.62843604048,104.146908110954,-2.51847207047356
4,4.2,101.62843604048,104.146908110954,-2.51847207047356
4,4.24,101.755853168454,104.250061677253,-2.49420850879885
4,4.28,101.755853168454,104.250061677253,-2.49420850879885
4,4.32,101.978435820181,104.367450824227,-2.38901500404586
4,4.36,101.978435820181,104.367450824227,-2.38901500404586
4,4.4,101.810430171603,104.180958500974,-2.37052832937169
4,4.44,101.810430171603,104.180958500974,-2.37052832937169
4,4.48,101.733958262029,104.096147436206,-2.36218917417648
4,4.52,101.733958262029,104.096147436206,-2.36218917417648
4,4.56,102.123916327078,104.359762105636,-2.23584577855873
4,4.6,102.123916327078,104.359762105636,-2.23584577855873
4,4.64,102.894748849019,105.149526012556,-2.2547771635372
4,4.68,102.894748849019,105.149526012556,-2.2547771635372
4,4.72,102.952908602594,104.98307384354,-2.03016524094599
4,4.76,102.952908602594,104.98307384354,-2.03016524094599
4,4.8,103.378780809105,104.979186782507,-1.60040597340127
4,4.84,103.378780809105,104.979186782507,-1.60040597340127
4,4.88,103.421305103791,104.652868977075,-1.23156387328466
4,4.92,103.421305103791,104.652868977075,-1.23156387328466
4,4.96,103.421305103791,104.652868977075,-1.23156387328466
4,5,103.421305103791,104.652868977075,-1.23156387328466
4,5.04,103.433122014853,104.719889655744,-1.28676764089137
4,5.08,103.433122014853,104.719889655744,-1.28676764089137
4,5.12,103.631188226659,104.859309026351,-1.22812079969198
4,5.16,103.631188226659,104.859309026351,-1.22812079969198
4,5.2,103.572022548389,104.857867391615,-1.2858448432259
4,5.24,103.572022548389,104.857867391615,-1.2858448432259
4,5.28,103.572022548389,104.857867391615,-1.2858448432259
4,5.32,103.572022548389,104.857867391615,-1.2858448432259
4,5.36,103.784726947507,104.938292206018,-1.15356525851118
4,5.4,103.784726947507,104.938292206018,-1.15356525851118
4,5.44,103.751261355182,104.956562177988,-1.20530082280527
4,5.48,103.751261355182,104.956562177988,-1.20530082280527
4,5.52,104.607378984988,105.475489336669,-0.868110351680698
4,5.56,104.607378984988,105.475489336669,-0.868110351680698
4,5.6,104.941281085204,105.71715230555,-0.775871220345664
4,5.64,104.941281085204,105.71715230555,-0.775871220345664
4,5.68,104.980670788745,105.703748169816,-0.723077381071676
4,5.72,104.980670788745,105.703748169816,-0.723077381071676
4,5.76,104.980670788745,105.703748169816,-0.723077381071676
4,5.8,104.980670788745,105.703748169816,-0.723077381071676
4,5.84,105.232350262944,105.861305554757,-0.628955291813142
4,5.88,105.232350262944,105.861305554757,-0.628955291813142
4,5.92,105.389909077105,106.120452178943,-0.730543101838222
4,5.96,105.389909077105,106.120452178943,-0.730543101838222
4,6,105.455402346195,105.990837969411,-0.535435623215889
4,6.04,105.455402346195,105.990837969411,-0.535435623215889
4,6.08,105.343912359218,105.680794482004,-0.336882122785866
4,6.12,105.343912359218,105.680794482004,-0.336882122785866
4,6.16,105.064245464082,105.372499360127,-0.308253896045073
4,6.2,105.064245464082,105.372499360127,-0.308253896045073
4,6.24,105.473069123984,105.674915475103,-0.201846351118931
4,6.28,105.473069123984,105.674915475103,-0.201846351118931
4,6.32,105.50126385915,105.810367794097,-0.309103934947061
4,6.36,105.50126385915,105.810367794097,-0.309103934947061
4,6.4,104.967249445822,105.334219356933,-0.366969911111241
4,6.44,104.967249445822,105.334219356933,-0.366969911111241
4,6.48,104.79804498018,104.876341850782,-0.0782968706019034
4,6.52,104.79804498018,104.876341850782,-0.0782968706019034
4,6.56,104.866188265938,105.06249677016,-0.196308504221506
4,6.6,104.866188265938,105.06249677016,-0.196308504221506
4,6.64,104.641666955759,104.906115186599,-0.264448230840344
4,6.68,104.641666955759,104.906115186599,-0.264448230840344
4,6.72,104.597923653406,104.839329668206,-0.241406014800134
4,6.76,104.597923653406,104.839329668206,-0.241406014800134
4,6.8,104.653069238363,104.982307116033,-0.329237877670593
4,6.84,104.653069238363,104.982307116033,-0.329237877670593
4,6.88,104.185822187449,104.613892337075,-0.42807014962645
4,6.92,104.185822187449,104.613892337075,-0.42807014962645
4,6.96,103.837966938244,104.353130264036,-0.515163325792471
4,7,103.837966938244,104.353130264036,-0.515163325792471
4,7.04,103.166451760088,103.742668020418,-0.576216260329545
4,7.08,103.166451760088,103.742668020418,-0.576216260329545
4,7.12,103.023612256198,103.440722225994,-0.417109969796542
4,7.16,103.023612256198,103.440722225994,-0.417109969796542
4,7.2,103.177232100004,103.722209076403,-0.544976976398573
4,7.24,103.177232100004,103.722209076403,-0.544976976398573
4,7.28,103.027551226552,103.708804940669,-0.681253714117716
4,7.32,103.027551226552,103.708804940669,-0.681253714117716
4,7.36,102.932892631157,103.797412105755,-0.864519474597586
4,7.4,102.932892631157,103.797412105755,-0.864519474597586
4,7.44,102.40078010054,103.294966615115,-0.894186514574628
4,7.48,102.40078010054,103.294966615115,-0.894186514574628
4,7.52,102.333817604522,102.986671493239,-0.652853888716564
4,7.56,102.333817604522,102.986671493239,-0.652853888716564
4,7.6,102.459864655851,103.004543674217,-0.544679018366139
4,7.64,102.459864655851,103.004543674217,-0.544679018366139
4,7.68,102.697263838147,103.129164787556,-0.431900949408558
4,7.72,102.697263838147,103.129164787556,-0.431900949408558
4,7.76,102.727739029834,103.163733348132,-0.435994318298711
4,7.8,102.727739029834,103.163733348132,-0.435994318298711
4,7.84,102.730208773259,103.122089530555,-0.391880757295951
4,7.88,102.730208773259,103.122089530555,-0.391880757295951
4,7.92,102.730208773259,103.122089530555,-0.391880757295951
4,7.96,102.730208773259,103.122089530555,-0.391880757295951
4,8,102.411152174583,102.68868914183,-0.277536967246988
4,8.04,102.411152174583,102.68868914183,-0.277536967246988
4,8.08,102.229752224069,102.403674887281,-0.173922663211812
4,8.12,102.229752224069,102.403674887281,-0.173922663211812
4,8.16,102.545906423537,102.605912724667,-0.0600063011306702
4,8.2,102.545906423537,102.605912724667,-0.0600063011306702
4,8.24,102.545906423537,102.605912724667,-0.0600063011306702
4,8.28,102.545906423537,102.605912724667,-0.0600063011306702
4,8.32,102.348630529627,102.324238972961,0.0243915566659041
4,8.36,102.348630529627,102.324238972961,0.0243915566659041
4,8.4,102.538115735078,102.389378369421,0.148737365656814
4,8.44,102.538115735078,102.389378369421,0.148737365656814
4,8.48,102.681784495886,102.542467709118,0.139316786768021
4,8.52,102.681784495886,102.542467709118,0.139316786768021
4,8.56,103.147729323398,103.002634870438,0.14509445296035
4,8.6,103.147729323398,103.002634870438,0.14509445296035
4,8.64,102.962597716759,102.801572834431,0.161024882327624
4,8.68,102.962597716759,102.801572834431,0.161024882327624
4,8.72,102.483413410213,102.207322816901,0.276090593311622
4,8.76,102.483413410213,102.207322816901,0.276090593311622
4,8.8,102.896176040469,102.569704802265,0.326471238203894
4,8.84,102.896176040469,102.569704802265,0.326471238203894
4,8.88,102.953353304871,102.630611313757,0.322741991114
4,8.92,102.953353304871,102.630611313757,0.322741991114
4,8.96,102.955011818704,102.709860326779,0.245151491924858
4,9,102.955011818704,102.709860326779,0.245151491924858
4,9.04,103.042083794951,102.941963519222,0.100120275729239
4,9.08,103.042083794951,102.941963519222,0.100120275729239
4,9.12,103.597073000072,103.649008674368,-0.051935674295791
4,9.16,103.597073000072,103.649008674368,-0.051935674295791
4,9.2,103.59982959004,103.647976615458,-0.0481470254183876
4,9.24,103.59982959004,103.647976615458,-0.0481470254183876
4,9.28,103.93603976929,103.815382254095,0.120657515194523
4,9.32,103.93603976929,103.815382254095,0.120657515194523
4,9.36,104.042391968848,103.92708338521,0.115308583638509
4,9.4,104.042391968848,103.92708338521,0.115308583638509
4,9.44,104.626756426193,104.506877962243,0.1198784639503
4,9.48,104.626756426193,104.506877962243,0.1198784639503
4,9.52,105.680534653009,105.555927953616,0.12460669939253
4,9.56,105.680534653009,105.555927953616,0.12460669939253
4,9.6,105.846178722107,105.79508595434,0.051092767767301
4,9.64,105.846178722107,105.79508595434,0.051092767767301
4,9.68,106.214783421552,106.028600108439,0.186183313113602
4,9.72,106.214783421552,106.028600108439,0.186183313113602
4,9.76,106.287514131123,106.198247498159,0.089266632964339
4,9.8,106.287514131123,106.198247498159,0.089266632964339
4,9.84,106.439890089555,106.153802205989,0.286087883566154
4,9.88,106.439890089555,106.153802205989,0.286087883566154
4,9.92,106.674703941464,106.295520854691,0.379183086773395
4,9.96,106.674703941464,106.295520854691,0.379183086773395
4,10,106.247761760236,105.786300823516,0.46146093671922
4,10.04,106.247761760236,105.786300823516,0.46146093671922
4,10.08,106.389375936291,106.092590166568,0.296785769723115
4,10.12,106.389375936291,106.092590166568,0.296785769723115
4,10.16,106.2515119739,105.90940031154,0.342111662360324
4,10.2,106.2515119739,105.90940031154,0.342111662360324
4,10.24,106.395180734707,105.958783969506,0.436396765201138
4,10.28,106.395180734707,105.958783969506,0.436396765201138
4,10.32,106.872193966741,106.171801045491,0.700392921249346
4,10.36,106.872193966741,106.171801045491,0.700392921249346
4,10.4,106.828170180431,105.990450973799,0.837719206631718
4,10.44,106.828170180431,105.990450973799,0.837719206631718
4,10.48,106.990060706858,106.198968487061,0.791092219796795
4,10.52,106.990060706858,106.198968487061,0.791092219796795
4,10.56,107.646698040333,106.896066542961,0.750631497371771
4,10.6,107.646698040333,106.896066542961,0.750631497371771
4,10.64,107.280239652908,106.722227767145,0.558011885762809
4,10.68,107.280239652908,106.722227767145,0.558011885762809
4,10.72,107.150168266542,106.736503379196,0.413664887346599
4,10.76,107.150168266542,106.736503379196,0.413664887346599
4,10.8,107.632920180562,106.914707836372,0.718212344190405
4,10.84,107.632920180562,106.914707836372,0.718212344190405
4,10.88,107.841685609326,107.115769872378,0.725915736947272
4,10.92,107.841685609326,107.115769872378,0.725915736947272
4,10.96,107.495397676902,106.615957455111,0.879440221791057
4,11,107.495397676902,106.615957455111,0.879440221791057
4,11.04,108.065206933223,106.788509765888,1.27669716733531
4,11.08,108.065206933223,106.788509765888,1.27669716733531
4,11.12,108.147925310658,106.931487213715,1.21643809694302
4,11.16,108.147925310658,106.931487213715,1.21643809694302
4,11.2,108.222765747384,106.891274806513,1.33149094087076
4,11.24,108.222765747384,106.891274806513,1.33149094087076
4,11.28,108.374068549806,106.872586481048,1.50148206875873
4,11.32,108.374068549806,106.872586481048,1.50148206875873
4,11.36,108.774890577317,107.384267575776,1.39062300154121
4,11.4,108.774890577317,107.384267575776,1.39062300154121
4,11.44,108.61789273107,107.058459929814,1.55943280125653
4,11.48,108.61789273107,107.058459929814,1.55943280125653
4,11.52,108.61789273107,107.058459929814,1.55943280125653
4,11.56,108.61789273107,107.058459929814,1.55943280125653
4,11.6,108.66655060015,107.201963030022,1.46458757012716
4,11.64,108.66655060015,107.201963030022,1.46458757012716
4,11.68,108.702001333336,107.313664161137,1.38833717219872
4,11.72,108.702001333336,107.313664161137,1.38833717219872
4,11.76,107.869622022906,106.599839449476,1.26978257343042
4,11.8,107.869622022906,106.599839449476,1.26978257343042
4,11.84,107.869622022906,106.599839449476,1.26978257343042
4,11.88,107.869622022906,106.599839449476,1.26978257343042
4,11.92,107.974352293495,106.793016699756,1.18133559373909
4,11.96,107.974352293495,106.793016699756,1.18133559373909
4,12,107.970657222234,106.475425830498,1.4952313917366
4,12.04,107.970657222234,106.475425830498,1.4952313917366
4,12.08,107.739977459954,106.390878794786,1.34909866516756
4,12.12,107.739977459954,106.390878794786,1.34909866516756
4,12.16,108.00521528474,106.532727473288,1.47248781145196
4,12.2,108.00521528474,106.532727473288,1.47248781145196
4,12.24,108.029544219279,106.703827323536,1.32571689574293
4,12.28,108.029544219279,106.703827323536,1.32571689574293
4,12.32,108.054795092391,106.73773743534,1.31705765705087
4,12.36,108.054795092391,106.73773743534,1.31705765705087
4,12.4,108.669296418537,107.19751174067,1.47178467786733
4,12.44,108.669296418537,107.19751174067,1.47178467786733
4,12.48,108.071609495871,106.608670409488,1.4629390863828
4,12.52,108.071609495871,106.608670409488,1.4629390863828
4,12.56,107.992830088791,106.461224916417,1.53160517237369
4,12.6,107.992830088791,106.461224916417,1.53160517237369
4,12.64,108.148535269844,106.67647956673,1.47205570311414
4,12.68,108.148535269844,106.67647956673,1.47205570311414
4,12.72,107.611981654871,106.068507255445,1.54347439942524
4,12.76,107.611981654871,106.068507255445,1.54347439942524
4,12.8,107.487385803146,105.908833428021,1.57855237512554
4,12.84,107.487385803146,105.908833428021,1.57855237512554
4,12.88,107.183743627156,105.719529405816,1.46421422134017
4,12.92,107.183743627156,105.719529405816,1.46421422134017
4,12.96,107.158451291198,105.651332925767,1.50711836543172
4,13,107.158451291198,105.651332925767,1.50711836543172
4,13.04,107.027636012599,105.598657023936,1.4289789886632
4,13.08,107.027636012599,105.598657023936,1.4289789886632
4,13.12,106.966685629226,105.652979047699,1.3137065815273
4,13.16,106.966685629226,105.652979047699,1.3137065815273
4,13.2,107.231218585633,106.017947796099,1.21327078953445
4,13.24,107.231218585633,106.017947796099,1.21327078953445
4,13.28,107.038635861699,105.917437527532,1.12119833416733
4,13.32,107.038635861699,105.917437527532,1.12119833416733
4,13.36,106.654482595067,105.391729813986,1.26275278108115
4,13.4,106.654482595067,105.391729813986,1.26275278108115
4,13.44,106.702372182003,105.34234615602,1.3600260259834
4,13.48,106.702372182003,105.34234615602,1.3600260259834
4,13.52,105.685044674655,104.706043947952,0.979000726702793
4,13.56,105.685044674655,104.706043947952,0.979000726702793
4,13.6,105.719873465154,104.944026147296,0.775847317858293
4,13.64,105.719873465154,104.944026147296,0.775847317858293
4,13.68,105.686495874259,104.851843319091,0.834652555167764
4,13.72,105.686495874259,104.851843319091,0.834652555167764
4,13.76,106.317892090586,105.377708728352,0.940183362234635
4,13.8,106.317892090586,105.377708728352,0.940183362234635
4,13.84,105.711002855137,105.000649975172,0.710352879964461
4,13.88,105.711002855137,105.000649975172,0.710352879964461
4,13.92,105.793721232571,105.193246241242,0.600474991329676
4,13.96,105.793721232571,105.193246241242,0.600474991329676
4,14,105.728441640295,105.034955709558,0.693485930737452
4,14.04,105.728441640295,105.034955709558,0.693485930737452
4,14.08,105.859049604666,105.153476488678,0.705573115988159
4,14.12,105.859049604666,105.153476488678,0.705573115988159
4,14.16,106.033961839303,104.8173771224,1.21658471690297
4,14.2,106.033961839303,104.8173771224,1.21658471690297
4,14.24,106.004523218762,104.58809585327,1.41642736549247
4,14.28,106.004523218762,104.58809585327,1.41642736549247
4,14.32,105.799904074582,104.494266903133,1.30563717144869
4,14.36,105.799904074582,104.494266903133,1.30563717144869
4,14.4,106.465963230025,105.32038495283,1.14557827719476
4,14.44,106.465963230025,105.32038495283,1.14557827719476
4,14.48,105.905922132383,104.998547365645,0.907374766737675
4,14.52,105.905922132383,104.998547365645,0.907374766737675
4,14.56,105.905922132383,104.998547365645,0.907374766737675
4,14.6,105.905922132383,104.998547365645,0.907374766737675
4,14.64,105.801179666839,104.797526828511,1.00365283832784
4,14.68,105.801179666839,104.797526828511,1.00365283832784
4,14.72,105.618328516721,104.659252586205,0.95907593051561
4,14.76,105.618328516721,104.659252586205,0.95907593051561
4,14.8,105.39244137162,104.466808482667,0.925632888952478
4,14.84,105.39244137162,104.466808482667,0.925632888952478
4,14.88,105.631060049382,104.702909399802,0.928150649579663
4,14.92,105.631060049382,104.702909399802,0.928150649579663
4,14.96,105.752960816128,104.451052744173,1.3019080719543
4,15,105.752960816128,104.451052744173,1.3019080719543
4,15.04,105.552280642302,104.239878816298,1.31240182600396
4,15.08,105.552280642302,104.239878816298,1.31240182600396
4,15.12,105.43929438741,104.144168583953,1.2951258034568
4,15.16,105.43929438741,104.144168583953,1.2951258034568
4,15.2,104.764764934592,102.94066821016,1.82409672443191
4,15.24,104.764764934592,102.94066821016,1.82409672443191
4,15.28,105.048834208359,103.250803115373,1.79803109298609
4,15.32,105.048834208359,103.250803115373,1.79803109298609
4,15.36,105.048834208359,103.250803115373,1.79803109298609
4,15.4,105.048834208359,103.250803115373,1.79803109298609
4,15.44,104.558328742168,102.835745228178,1.72258351399003
4,15.48,104.558328742168,102.835745228178,1.72258351399003
4,15.52,104.425598855688,102.933641067794,1.49195778789365
4,15.56,104.425598855688,102.933641067794,1.49195778789365
4,15.6,104.425598855688,102.933641067794,1.49195778789365
4,15.64,104.425598855688,102.933641067794,1.49195778789365
4,15.68,103.850509184,102.687193098514,1.16331608548651
4,15.72,103.850509184,102.687193098514,1.16331608548651
4,15.76,103.850509184,102.687193098514,1.16331608548651
4,15.8,103.850509184,102.687193098514,1.16331608548651
4,15.84,103.242322405375,102.212957819504,1.02936458587131
4,15.88,103.242322405375,102.212957819504,1.02936458587131
4,15.92,103.927886171295,102.907524444197,1.02036172709799
4,15.96,103.927886171295,102.907524444197,1.02036172709799
4,16,103.927886171295,102.907524444197,1.02036172709799
4,16.04,103.927886171295,102.907524444197,1.02036172709799
4,16.08,103.321540849107,102.515500982002,0.806039867105085
4,16.12,103.321540849107,102.515500982002,0.806039867105085
4,16.16,103.434990512275,102.580571213675,0.854419298600291
4,16.2,103.434990512275,102.580571213675,0.854419298600291
4,16.24,102.678708204303,101.682494119513,0.996214084789614
4,16.28,102.678708204303,101.682494119513,0.996214084789614
4,16.32,102.473881745894,101.494836219241,0.97904552665301
4,16.36,102.473881745894,101.494836219241,0.97904552665301
4,16.4,102.466967206603,101.562811371971,0.904155834632476
4,16.44,102.466967206603,101.562811371971,0.904155834632476
4,16.48,102.415760592001,101.52259896477,0.89316162723145
4,16.52,102.415760592001,101.52259896477,0.89316162723145
4,16.56,102.726756325649,101.84392473253,0.88283159311942
4,16.6,102.726756325649,101.84392473253,0.88283159311942
4,16.64,102.122498443285,101.177163555104,0.945334888181605
4,16.68,102.122498443285,101.177163555104,0.945334888181605
4,16.72,102.122498443285,101.177163555104,0.945334888181605
4,16.76,102.122498443285,101.177163555104,0.945334888181605
4,16.8,102.478249660522,101.255707087298,1.2225425732244
4,16.84,102.478249660522,101.255707087298,1.2225425732244
4,16.88,102.696190997341,101.336387510696,1.35980348664523
4,16.92,102.696190997341,101.336387510696,1.35980348664523
4,16.96,102.696190997341,101.336387510696,1.35980348664523
4,17,102.696190997341,101.336387510696,1.35980348664523
4,17.04,102.370988141519,100.943185696215,1.4278024453035
4,17.08,102.370988141519,100.943185696215,1.4278024453035
4,17.12,101.88981181564,100.454287482347,1.4355243332933
4,17.16,101.88981181564,100.454287482347,1.4355243332933
4,17.2,101.372528331603,100.282236020028,1.09029231157457
4,17.24,101.372528331603,100.282236020028,1.09029231157457
4,17.28,101.047459620281,99.9838176297449,1.0636419905362
4,17.32,101.047459620281,99.9838176297449,1.0636419905362
4,17.36,101.603683697115,100.422861865094,1.18082183202056
4,17.4,101.603683697115,100.422861865094,1.18082183202056
4,17.44,101.576110904637,100.382649457893,1.19346144674367
4,17.48,101.576110904637,100.382649457893,1.19346144674367
4,17.52,101.202079980585,100.048128853059,1.15395112752584
4,17.56,101.202079980585,100.048128853059,1.15395112752584
4,17.6,100.566661868212,99.5667557680242,0.999906100188255
4,17.64,100.566661868212,99.5667557680242,0.999906100188255
4,17.68,100.566661868212,99.5667557680242,0.999906100188255
4,17.72,100.566661868212,99.5667557680242,0.999906100188255
4,17.76,100.785995020509,99.6051079431698,1.18088707733881
4,17.8,100.785995020509,99.6051079431698,1.18088707733881
4,17.84,100.981784487302,99.751395076416,1.23038941088603
4,17.88,100.981784487302,99.751395076416,1.23038941088603
4,17.92,100.981784487302,99.751395076416,1.23038941088603
4,17.96,100.981784487302,99.751395076416,1.23038941088603
4,18,100.816347732433,99.7365799790261,1.07976775340697
4,18.04,100.816347732433,99.7365799790261,1.07976775340697
4,18.08,101.099612139192,99.7121233103188,1.38748882887351
4,18.12,101.099612139192,99.7121233103188,1.38748882887351
4,18.16,100.839640095827,99.4440405956437,1.39559950018314
4,18.2,100.839640095827,99.4440405956437,1.39559950018314
4,18.24,100.559973200691,99.2697868311048,1.29018636958632
4,18.28,100.559973200691,99.2697868311048,1.29018636958632
4,18.32,100.230380161192,98.7733358224888,1.45704433870324
4,18.36,100.230380161192,98.7733358224888,1.45704433870324
4,18.4,99.670260061453,98.2634554179559,1.40680464349708
4,18.44,99.670260061453,98.2634554179559,1.40680464349708
4,18.48,99.9488903854429,98.5202504393816,1.42863994606127
4,18.52,99.9488903854429,98.5202504393816,1.42863994606127
4,18.56,99.9141469596268,98.3024366919474,1.61171026767936
4,18.6,99.9141469596268,98.3024366919474,1.61171026767936
4,18.64,99.8983910782107,98.230947968034,1.66744311017666
4,18.68,99.8983910782107,98.230947968034,1.66744311017666
4,18.72,99.5539207242462,98.0227860162769,1.53113470796931
4,18.76,99.5539207242462,98.0227860162769,1.53113470796931
4,18.8,99.5539207242462,98.0227860162769,1.53113470796931
4,18.84,99.5539207242462,98.0227860162769,1.53113470796931
4,18.88,99.6287611609726,98.1434232378807,1.48533792309193
4,18.92,99.6287611609726,98.1434232378807,1.48533792309193
4,18.96,100.202930908907,98.9276593025593,1.27527160634733
4,19,100.202930908907,98.9276593025593,1.27527160634733
4,19.04,100.672595197589,99.4422729842594,1.23032221333003
4,19.08,100.672595197589,99.4422729842594,1.23032221333003
4,19.12,100.594230418967,99.4817799106326,1.11245050833467
4,19.16,100.594230418967,99.4817799106326,1.11245050833467
4,19.2,100.563047919911,99.7724933436364,0.790554576274417
4,19.24,100.563047919911,99.7724933436364,0.790554576274417
4,19.28,100.519322644882,99.6786643935001,0.840658251382422
4,19.32,100.519322644882,99.6786643935001,0.840658251382422
4,19.36,100.832172011638,99.9900719307946,0.842100080843707
4,19.4,100.832172011638,99.9900719307946,0.842100080843707
4,19.44,100.597870347824,99.4755689127539,1.12230143507061
4,19.48,100.597870347824,99.4755689127539,1.12230143507061
4,19.52,100.570297555346,99.4934410937322,1.0768564616141
4,19.56,100.570297555346,99.4934410937322,1.0768564616141
4,19.6,100.570297555346,99.4934410937322,1.0768564616141
4,19.64,100.570297555346,99.4934410937322,1.0768564616141
4,19.68,100.426836108768,99.2672169081905,1.15961920057767
4,19.72,100.426836108768,99.2672169081905,1.15961920057767
4,19.76,100.426836108768,99.2672169081905,1.15961920057767
4,19.8,100.426836108768,99.2672169081905,1.15961920057767
4,19.84,100.718373996939,99.2757337999268,1.442640197012
4,19.88,100.718373996939,99.2757337999268,1.442640197012
4,19.92,100.659472365948,99.290258405211,1.36921396073724
4,19.96,100.659472365948,99.290258405211,1.36921396073724
4,20,100.62941180272,99.2460482733172,1.38336352940297
4,20.04,100.62941180272,99.2460482733172,1.38336352940297
4,20.08,100.779482914722,99.7262317240148,1.05325119070726
4,20.12,100.779482914722,99.7262317240148,1.05325119070726
4,20.16,100.668119119015,99.6849048615924,0.983214257422702
4,20.2,100.668119119015,99.6849048615924,0.983214257422702
4,20.24,100.455414719898,99.6983089973261,0.757105722571652
4,20.28,100.455414719898,99.6983089973261,0.757105722571652
4,20.32,100.274222083613,99.6089480924344,0.665273991178296
4,20.36,100.274222083613,99.6089480924344,0.665273991178296
4,20.4,100.060895741808,99.3077077788389,0.753187962969065
4,20.44,100.060895741808,99.3077077788389,0.753187962969065
4,20.48,100.060895741808,99.3077077788389,0.753187962969065
4,20.52,100.060895741808,99.3077077788389,0.753187962969065
4,20.56,100.259112534793,99.273429710368,0.985682824425382
4,20.6,100.259112534793,99.273429710368,0.985682824425382
4,20.64,100.431570932467,99.4326945633999,0.998876369067531
4,20.68,100.431570932467,99.4326945633999,0.998876369067531
4,20.72,100.779090555311,99.6215144320952,1.15757612321617
4,20.76,100.779090555311,99.6215144320952,1.15757612321617
4,20.8,100.666433564195,99.3081564478054,1.35827711639
4,20.84,100.666433564195,99.3081564478054,1.35827711639
4,20.88,100.400864036643,99.2390193266523,1.16184470999021
4,20.92,100.400864036643,99.2390193266523,1.16184470999021
4,20.96,100.151465018964,99.3321427959606,0.819322223003525
4,21,100.151465018964,99.3321427959606,0.819322223003525
4,21.04,99.7551703494332,99.113791367486,0.641378981947184
4,21.08,99.7551703494332,99.113791367486,0.641378981947184
4,21.12,99.5168809354467,99.0086193922705,0.508261543176175
4,21.16,99.5168809354467,99.0086193922705,0.508261543176175
4,21.2,99.5168809354467,99.0086193922705,0.508261543176175
4,21.24,99.5168809354467,99.0086193922705,0.508261543176175
4,21.28,98.8640972076432,98.6161645574898,0.247932650153345
4,21.32,98.8640972076432,98.6161645574898,0.247932650153345
4,21.36,99.1622240828362,98.9000132350189,0.262210847817244
4,21.4,99.1622240828362,98.9000132350189,0.262210847817244
4,21.44,99.0342258387624,99.045342285606,-0.01111644684363
4,21.48,99.0342258387624,99.045342285606,-0.01111644684363
4,21.52,98.820926537944,99.0796143397475,-0.258687801803518
4,21.56,98.820926537944,99.0796143397475,-0.258687801803518
4,21.6,98.6370388166798,98.9956621212045,-0.35862330452467
4,21.64,98.6370388166798,98.9956621212045,-0.35862330452467
4,21.68,98.9374371347315,99.3166558979866,-0.379218763255196
4,21.72,98.9374371347315,99.3166558979866,-0.379218763255196
4,21.76,99.6007207184942,100.02807106481,-0.427350346315521
4,21.8,99.6007207184942,100.02807106481,-0.427350346315521
4,21.84,99.2876762324639,99.9365937174337,-0.648917484969829
4,21.88,99.2876762324639,99.9365937174337,-0.648917484969829
4,21.92,99.2782171893738,99.9487534884331,-0.670536299059307
4,21.96,99.2782171893738,99.9487534884331,-0.670536299059307
4,22,99.2831927308737,100.020947693175,-0.737754962300968
4,22.04,99.2831927308737,100.020947693175,-0.737754962300968
4,22.08,99.1413166284009,99.8431665244953,-0.70184989609443
4,22.12,99.1413166284009,99.8431665244953,-0.70184989609443
4,22.16,99.1892062153366,99.6802004532059,-0.490994237869259
4,22.2,99.1892062153366,99.6802004532059,-0.490994237869259
4,22.24,99.1653560653212,99.7716675762221,-0.606311510900895
4,22.28,99.1653560653212,99.7716675762221,-0.606311510900895
4,22.32,98.9881023993901,99.8208160739125,-0.83271367452241
4,22.36,98.9881023993901,99.8208160739125,-0.83271367452241
4,22.4,99.239013591446,100.226716543299,-0.987702951853251
4,22.44,99.239013591446,100.226716543299,-0.987702951853251
4,22.48,99.5488873892656,100.492226327895,-0.943338938629893
4,22.52,99.5488873892656,100.492226327895,-0.943338938629893
4,22.56,99.9508696796052,100.875537577826,-0.924667898220619
4,22.6,99.9508696796052,100.875537577826,-0.924667898220619
4,22.64,100.343937458091,101.413328680389,-1.06939122229782
4,22.68,100.343937458091,101.413328680389,-1.06939122229782
4,22.72,100.748895317367,101.856370640431,-1.10747532306424
4,22.76,100.748895317367,101.856370640431,-1.10747532306424
4,22.8,100.552873616219,101.579089009076,-1.02621539285632
4,22.84,100.552873616219,101.579089009076,-1.02621539285632
4,22.88,101.094171068554,102.258937367081,-1.16476629852703
4,22.92,101.094171068554,102.258937367081,-1.16476629852703
4,22.96,101.27406327922,102.817100971344,-1.54303769212393
4,23,101.27406327922,102.817100971344,-1.54303769212393
4,23.04,101.522986693667,103.075057961192,-1.55207126752553
4,23.08,101.522986693667,103.075057961192,-1.55207126752553
4,23.12,101.987224227527,103.357001299196,-1.36977707166851
4,23.16,101.987224227527,103.357001299196,-1.36977707166851
4,23.2,101.963590405403,103.129130991722,-1.16554058631874
4,23.24,101.963590405403,103.129130991722,-1.16554058631874
4,23.28,101.963590405403,103.129130991722,-1.16554058631874
4,23.32,101.963590405403,103.129130991722,-1.16554058631874
4,23.36,101.878908640269,103.42789520594,-1.54898656567144
4,23.4,101.878908640269,103.42789520594,-1.54898656567144
4,23.44,102.919833384877,104.417338983819,-1.49750559894196
4,23.48,102.919833384877,104.417338983819,-1.49750559894196
4,23.52,103.009600446103,104.538937295247,-1.52933684914366
4,23.56,103.009600446103,104.538937295247,-1.52933684914366
4,23.6,103.255194637929,104.494201510971,-1.23900687304248
4,23.64,103.255194637929,104.494201510971,-1.23900687304248
4,23.68,103.406119396756,104.564984754056,-1.15886535729992
4,23.72,103.406119396756,104.564984754056,-1.15886535729992
4,23.76,103.228865730825,104.486441221862,-1.25757549103668
4,23.8,103.228865730825,104.486441221862,-1.25757549103668
4,23.84,103.102611365267,104.412365734912,-1.30975436964486
4,23.88,103.102611365267,104.412365734912,-1.30975436964486
4,23.92,103.094733424559,104.403429644423,-1.30869621986375
4,23.96,103.094733424559,104.403429644423,-1.30869621986375
4,24,103.480852893111,104.799758239316,-1.31890534620517
4,24.04,103.480852893111,104.799758239316,-1.31890534620517
4,24.08,104.050205448381,105.33836691477,-1.28816146638938
4,24.12,104.050205448381,105.33836691477,-1.28816146638938
4,24.16,104.524549828071,105.866098641494,-1.34154881342283
4,24.2,104.524549828071,105.866098641494,-1.34154881342283
4,24.24,105.885842572433,107.560884603505,-1.67504203107204
4,24.28,105.885842572433,107.560884603505,-1.67504203107204
4,24.32,105.682225447027,107.273361972678,-1.59113652565077
4,24.36,105.682225447027,107.273361972678,-1.59113652565077
4,24.4,105.517060792084,107.14558175769,-1.62852096560573
4,24.44,105.517060792084,107.14558175769,-1.62852096560573
4,24.48,105.387696713089,106.999547226275,-1.61185051318587
4,24.52,105.387696713089,106.999547226275,-1.61185051318587
4,24.56,105.015826814535,106.723410272146,-1.70758345761084
4,24.6,105.015826814535,106.723410272146,-1.70758345761084
4,24.64,106.502973486489,107.919637397217,-1.41666391072731
4,24.68,106.502973486489,107.919637397217,-1.41666391072731
4,24.72,107.778847751877,109.240792035634,-1.46194428375621
4,24.76,107.778847751877,109.240792035634,-1.46194428375621
4,24.8,107.778847751877,109.240792035634,-1.46194428375621
4,24.84,107.778847751877,109.240792035634,-1.46194428375621
4,24.88,107.778847751877,109.240792035634,-1.46194428375621
4,24.92,107.778847751877,109.240792035634,-1.46194428375621
4,24.96,107.778847751877,109.240792035634,-1.46194428375621
4,25,107.778847751877,109.240792035634,-1.46194428375621
